Workbook

Sheet 主材报价模板 
A1: 主材报价明细表
A2: 客户名称： | E2: 建筑面积（㎡）： | G2: =[1]半包报价模板!G2 -> 130 | H2: 工程地址： | I2: =[1]半包报价模板!I2 -> 0
A3: 编号 | C3: 材料名称 | D3: 规格 | E3: 单位 | F3: 数量 | G3: 工 程 造 价 | I3: 品牌
G4: 单价 | H4: 金额
A5: 【一、瓷 砖】
A6: 1 | C6: 广东一线冠珠 | D6: 600*1200 | E6: M2 | F6: =[1]半包报价模板!F33*1.15 -> 57.5 | G6: 105 | H6: =F6*G6 -> 6037.5 | I6: 冠珠柔/亮光砖 | J6: 65
A7: 2 | C7: 广东一线冠珠 | D7: 750*1500 | E7: M2 | F7: =[1]半包报价模板!F34*1.15 -> 0 | G7: 113 | H7: =F7*G7 -> 0 | I7: 冠珠柔/亮光砖 | J7: 70
A8: 3 | C8: 广东一线冠珠 | D8: 600*1200 | E8: M2 | F8: =[1]半包报价模板!F35*1.15 -> 0 | G8: 153 | H8: =F8*G8 -> 0 | I8: 冠珠莱姆石质感砖 | J8: 95
A9: 4 | C9: 广东一线冠珠 | D9: 750*1500 | E9: M2 | F9: =[1]半包报价模板!F36*1.15 -> 0 | G9: 170 | H9: =F9*G9 -> 0 | I9: 冠珠莱姆石质感砖 | J9: 105
A10: 5 | C10: KT木纹板 | D10: 600*1200 | E10: M2 | F10: 0 | G10: 105 | H10: =F10*G10 -> 0 | I10: KT木纹板 | J10: 65
A11: 6 | C11: KT木纹板（阿童木微模质感面） | D11: 600*1200 | E11: M2 | F11: 0 | G11: 138 | H11: =F11*G11 -> 0 | I11: KT木纹板（阿童木微模质感面） | J11: 87.5
A12: 7 | C12: KT南美橡木（微模质感面） | D12: 200*1200 | E12: M2 | F12: =[1]半包报价模板!F258*1.15 -> 0 | G12: 113 | H12: =F12*G12 -> 0 | I12: KT南美橡木（微模质感面） | J12: 70
A13: 8 | C13: 广东一线欧文莱 | D13: 600*1200 | E13: M2 | F13: 0 | G13: 190 | H13: =F13*G13 -> 0 | I13: 广东一线欧文莱 | J13: 118
A14: 9 | C14: 广东一线欧文莱 | D14: 750*1500 | E14: M2 | F14: 0 | G14: 208 | H14: =F14*G14 -> 0 | I14: 广东一线欧文莱 | J14: 128
A15: 10 | C15: 广东一线欧文莱 | D15: 900*1800 | E15: M2 | F15: 0 | G15: 367 | H15: =F15*G15 -> 0 | I15: 广东一线欧文莱 | J15: 228
A16: 11 | C16: 古堡砖 | D16: 多规格 | E16: M2 | F16: 0 | G16: 230 | H16: =F16*G16 -> 0 | I16: 土豆/印象 | J16: 145
A17: 12 | C17: 德祥筑家定制砖 | D17: 多规格 | E17: M2 | F17: 0 | G17: 238 | H17: =F17*G17 -> 0 | I17: 德祥筑家 | J17: 158
A18: 13 | C18: 定制小砖 | D18: 700*200/750*300/120*120 | E18: M2 | F18: 0 | G18: 280 | H18: =F18*G18 -> 0 | I18: 定制小砖 | J18: 190
A19: 14 | C19: 广东一线HBI | D19: 600*1200 | E19: M2 | F19: 0 | G19: 113 | H19: =F19*G19 -> 0 | I19: 广东一线HBI瓷砖（柔/亮面） | J19: 70
A20: 15 | C20: 广东一线HBI | D20: 750*1500 | E20: M2 | F20: 0 | G20: 120 | H20: =F20*G20 -> 0 | I20: 广东一线HBI瓷砖（柔/亮面） | J20: 75
A21: 16 | C21: 广东一线HBI | D21: 750*1500 | E21: M2 | F21: 0 | G21: 162 | H21: =F21*G21 -> 0 | I21: 广东一线HBI瓷砖（凹凸面） | J21: 100
A22: 17 | C22: 广东一线HBI | D22: 900*1800 | E22: M2 | F22: 0 | G22: 218 | H22: =F22*G22 -> 0 | I22: 广东一线HBI瓷砖 | J22: 135
H23: =SUM(H6:H22) -> 6037.5
A24: 【二、美 缝】
A25: 1 | C25: 美缝 | E25: M2 | F25: 0 | G25: 25 | H25: =F25*G25 -> 0 | I25: 梵聚匠/汉高百得 | J25: 16
A26: 2 | C26: 打胶收口 | E26: M2 | F26: 125 | G26: 10 | H26: =F26*G26 -> 1250 | I26: 瓦克（外框面积计算） | J26: 7
A27: 3 | C27: 小砖环氧彩砂 | E27: M2 | F27: 1 | G27: 180 | H27: =F27*G27 -> 180 | I27: 梵聚匠/汉高百得（规格10*100/100/200）压缝工艺（调色增加500元一个色） | J27: 100
A28: 4 | C28: 马贝环氧彩砂 | E28: 米 | F28: 1 | G28: 20 | H28: =F28*G28 -> 20 | I28: 马贝环氧彩砂（平缝工艺） | J28: 12
A29: 小计： | H29: =SUM(H25:H28) -> 1450
A30: 【三、木 地 板】
A31: 1 | C31: 木地板 | E31: M2 | F31: 0 | G31: 218 | H31: =F31*G31 -> 0 | I31: 根据款式每款价格都不一样
A32: 2 | C32: 木龙骨 | E32: M2 | F32: 0 | G32: 80 | H32: =F32*G32 -> 0 | I32: 木龙骨基层找平，间距30CM，门框位置加密 | J32: 50
A33: 3 | C33: 饰面木质踢脚线 | E33: M | F33: 0 | G33: 38 | H33: =F33*G33 -> 0 | I33: 成品木质踢脚线（无盯眼安装） | J33: 25
A34: 4 | C34: 烤漆踢脚线 | E34: M | F34: 0 | G34: 50 | H34: =F34*G34 -> 0 | I34: 定制烤漆踢脚线 | J34: 30
A35: 5 | C35: 圆弧踢脚线 | E35: 处 | F35: 0 | G35: 350 | H35: =F35*G35 -> 0 | J35: 200
A36: 6 | C36: 平铺 | E36: M2 | F36: 0 | G36: 40 | H36: =F36*G36 -> 0 | I36: 平铺，防潮垫，保护膜包含在内 | J36: 30
A37: 7 | C37: 人字/鱼骨/异形拼 | E37: M2 | F37: 0 | G37: 60 | H37: =F37*G37 -> 0 | I37: 平铺，防潮垫，保护膜包含在内 | J37: 55
A38: 8 | C38: 龙骨铺贴 | E38: M2 | F38: 0 | G38: 80 | H38: =F38*G38 -> 0 | I38: 木龙骨基层找平，间距30CM，门框位置加密 | J38: 65
A39: 9 | C39: 满胶铺贴 | E39: M2 | F39: 0 | G39: 150 | H39: =F39*G39 -> 0 | I39: 法国波士胶粘合剂（满胶铺贴） | J39: 120
A40: 10 | C40: 点胶铺贴 | E40: M2 | F40: 0 | G40: 100 | H40: =F40*G40 -> 0 | I40: 法国波士胶粘合剂（点胶铺贴） | J40: 80
A41: 11 | C41: 铝合金踢脚线 | E41: M | F41: 0 | G41: 40 | H41: =F41*G41 -> 0 | I41: 成品铝合金踢脚线（根据款式选定） | J41: 20
A42: 12 | C42: 不锈钢踢脚线 | E42: M | F42: 0 | G42: 58 | H42: =F42*G42 -> 0 | I42: 不锈钢踢脚线安装（根据款式选定） | J42: 35
A43: 13 | C43: 定制内嵌踢脚线 | E43: M | F43: 0 | G43: 58 | H43: =F43*G43 -> 0 | I43: 不含开槽（根据款式选定） | J43: 40
A44: 14 | C44: 瓷砖踢脚线 | E44: M | F44: 0 | G44: 38 | H44: =F44*G44 -> 0 | I44: 不含开槽（根据款式选定） | J44: 30
A45: 小计： | H45: =SUM(H31:H43) -> 0
A46: 【四、房 门 | 门 套】 - 玻璃门
A47: 1 | C47: 4012双吊轨完美系统移门 | E47: M2 | F47: 0 | G47: 950 | H47: =SUM(F47*G47) -> 0 | I47: 铂屿定制（杜格铝材、欧派克五金、40*13完美系统、最大尺寸2700*900） | J47: 550
A48: 2 | C48: 4012三吊轨完美系统移门 | E48: M2 | F48: 0 | G48: 1050 | H48: =SUM(F48*G48) -> 0 | I48: 铂屿定制（杜格铝材、欧派克五金、40*13完美系统、最大尺寸2700*900） | J48: 650
A49: 3 | C49: 4516双吊轨完美系统移门 | E49: M2 | F49: 0 | G49: 1150 | H49: =F49*G49 -> 0 | I49: 铂屿定制（杜格铝材、欧派克五金、40*16完美系统、最大尺寸3000*1200） | J49: 750
A50: 4 | C50: 4503双吊轨完美系统移门（双玻） | E50: M2 | F50: 0 | G50: 1250 | H50: =F50*G50 -> 0 | I50: 铂屿定制（杜格铝材、欧派克五金、40*03完美系统、最大尺寸3000*1200） | J50: 800
A51: 5 | C51: 4516三吊轨完美系统移门 | E51: M2 | F51: 0 | G51: 1350 | H51: =F51*G51 -> 0 | I51: 铂屿定制（杜格铝材、欧派克五金、40*16完美系统、最大尺寸3000*1200） | J51: 850
A52: 6 | C52: 4503三吊轨完美系统移门（双玻） | E52: M2 | F52: 0 | G52: 1450 | H52: =F52*G52 -> 0 | I52: 铂屿定制（杜格铝材、欧派克五金、40*16完美系统、最大尺寸3000*1200） | J52: 950
A53: 7 | C53: 4013格栅完美系统移门 | E53: M2 | F53: 0 | G53: 1350 | H53: =F53*G53 -> 0 | I53: 铂屿定制（杜格铝材、欧派克五金、40*13完美系统、最大尺寸2700*900） | J53: 950
A54: 8 | C54: 4516格栅完美系统移门 | E54: M2 | F54: 0 | G54: 1450 | H54: =F54*G54 -> 0 | I54: 铂屿定制（杜格铝材、欧派克五金、40*16完美系统、最大尺寸3000*1200） | J54: 1000
A55: 9 | C55: 铝合金门套 | E55: M | F55: 0 | G55: 200 | H55: =F55*G55 -> 0 | I55: 铝合金双包套 | J55: 120
A56: 10 | C56: 杜格平开门 | E56: 樘 | F56: 0 | G56: 2200 | H56: =F56*G56 -> 0 | I56: 铂屿定制（杜格铝材、欧派克五金、40*13、2.5米以内） | J56: 1350
A57: 11 | C57: 杜格法式平开门 | E57: 樘 | F57: 0 | G57: 3000 | H57: =F57*G57 -> 0 | I57: 铂屿定制（杜格铝材、欧派克五金、40*13、2.5米以内） | J57: 2000
A58: 12 | C58: 杜格4505隐框门 魅影平开（外平内开） | E58: 樘 | F58: 0 | G58: 3000 | H58: =F58*G58 -> 0 | I58: 铂屿定制（杜格铝材、欧派克五金、40*13、2.5米以内） | J58: 2000
A59: 13 | C59: 杜格4516完美折叠门 | E59: M2 | F59: 0 | G59: 1500 | H59: =F59*G59 -> 0 | I59: 铂屿定制（杜格铝材、欧派克五金、45*16、2.5米以内） | J59: 900
A60: 14 | C60: 重型门 （杜格铝材） | E60: M2 | F60: 0 | G60: 1600 | H60: =F60*G60 -> 0 | I60: 标配：5+20+5中空玻璃 轨道参数：两轨：45*109 / 三轨：45*164 21边框，45高轨/不锈钢自粘地轨 | J60: 1000
A61: 15 | C61: 偏轴门/中轴门（杜格铝材） | E61: M2 | F61: 0 | G61: 1200 | H61: =F61*G61 -> 0 | I61: 4518 4503（手动) | J61: 650
A62: 16 | C62: 偏轴门/中轴门（手动预埋五金） | E62: 套 | F62: 0 | G62: 1000 | I62: 限定70公斤 | J62: 700
A63: 17 | C63: 偏轴门/中轴门（手动预埋五金） | E63: 套 | F63: 0 | G63: 1500 | I63: 限定150公斤 | J63: 1000
A64: 18 | C64: 偏轴门/中轴门（电机预埋五金） | E64: 套 | F64: 0 | G64: 2500 | I64: 电动配件 | J64: 1800
A65: 19 | C65: 固定屏风（杜格铝材） | E65: M2 | F65: 0 | G65: 900 | H65: =F65*G65 -> 0 | I65: 4510（3.0）瓷泳黑 / 瓷泳灰 / 珐琅铜 / 拉丝灰 / 波光白 | J65: 550
A66: 20 | C66: 定制玻璃 | E66: M2 | F66: 0 | G66: 200 | H66: =F66*G66 -> 0 | I66: 特殊玻璃 | J66: 150
A67: 小计： | H67: =SUM(H47:H58) -> 0
A68: 【五、集 成 吊 顶】
A69: 1 | C69: 集成吊顶 | D69: 300*600 | E69: M2 | F69: 0 | G69: 180 | H69: =F69*G69 -> 0 | I69: 本科集成吊顶 | J69: 120
A70: 2 | C70: 蜂窝板吊顶 | E70: M2 | F70: 0 | G70: 280 | H70: =F70*G70 -> 0 | I70: 本科集成吊顶 | J70: 200
A71: 3 | C71: 线性风暖 | E71: 个 | F71: 2 | G71: 1280 | H71: =F71*G71 -> 2560 | I71: 本科理想L9线性风暖 | J71: 620
A72: 4 | C72: 风暖 | D72: 300*600 | E72: 个 | F72: 0 | G72: 499 | H72: =F72*G72 -> 0 | I72: 本科雷霆t9五合一 风暖 | J72: 350
A73: 5 | C73: 方灯 | D73: 300*600 | E73: 个 | F73: 0 | G73: 120 | H73: =F73*G73 -> 0 | I73: 300*600方灯 | J73: 70
A74: 6 | C74: 排风扇 | D74: 300*300 | E74: 个 | F74: 0 | G74: 200 | H74: =F74*G74 -> 0 | I74: 排风扇 | J74: 80
A75: 小计： | H75: =SUM(H69:H73) -> 2560
A76: 【六、卫 浴】
A77: 1 | C77: 德国顾朗暗装龙头 | E77: 个 | F77: 0 | G77: 1380 | H77: =F77*G77 -> 0 | I77: L-4402（HB/DB/NB/WB/JA/EB/QB/CA（长度在18.2cm左右） | J77: 700
A78: 2 | C78: 德国顾朗暗装龙头 | E78: 个 | G78: 1380 | H78: =F78*G78 -> 0 | I78: L-4426（HB/DB/NB/WB/JA/EB/QB/CA（长度在20cm左右） | J78: 700
A79: 3 | C79: 德国顾朗暗装龙头 | E79: 个 | G79: 1380 | H79: =F79*G79 -> 0 | I79: L-4427（HB/DB/NB/WB/JA/EB/QB/CA（长度在20.8cm左右） | J79: 700
A80: 4 | C80: 德国顾朗单柄面盆龙头 | E80: 个 | F80: 0 | G80: 580 | H80: =F80*G80 -> 0 | I80: L-4386（HB/DB/NB/WB/JA/EB/QB/CA（高度在18cm左右） | J80: 290
A81: 5 | C81: 德国顾朗单柄面盆龙头 | E81: 个 | G81: 580 | H81: =F81*G81 -> 0 | I81: L-4381（HB/DB/NB/WB/JA/EB/QB/CA（高度在18cm左右） | J81: 290
A82: 6 | C82: 汉斯格雅暗装龙头 | E82: 个 | G82: 2500 | H82: =F82*G82 -> 0 | I82: 汉斯格雅预埋龙头（型号71256007） | J82: 1900
A83: 7 | C83: 德利丰免漆浴室柜（主卫） | E83: M | F83: 1.3 | G83: 4500 | H83: =F83*G83 -> 5850 | I83: 德利丰岩板台面,定制镜柜，免漆柜体，科勒陶瓷盆（按米收费）（德利丰大板可选）（不含龙头） | J83: 2800
A84: 8 | C84: 德利丰免漆浴室柜（公卫） | E84: M | F84: =0.9 -> 0.9 | G84: 4500 | H84: =F84*G84 -> 4050 | I84: 德利丰岩板台面,定制镜柜，免漆柜体，科勒陶瓷盆（按米收费）（德利丰大板可选）（不含龙头） | J84: 2800
A85: 9 | C85: 德利丰烤漆浴室柜（主卫） | E85: M | G85: 5500 | H85: =F85*G85 -> 0 | I85: 德利丰岩板台面,定制镜柜，烤漆柜体，科勒陶瓷盆（按米收费）（德利丰大板可选）（不含龙头） | J85: 3500
A86: 10 | C86: 德利丰烤漆浴室柜（公卫） | E86: M | G86: 5500 | H86: =F86*G86 -> 0 | I86: 德利丰岩板台面,定制镜柜，烤漆柜体，科勒陶瓷盆（按米收费）（德利丰大板可选）（不含龙头） | J86: 3500
A87: 11 | C87: 法恩莎轻智能马桶 | E87: 个 | F87: 0 | G87: 2200 | H87: =F87*G87 -> 0 | I87: 法恩莎轻智能马桶（型号FLP0834D） | J87: 1700
A88: 12 | C88: 科勒轻智能马桶 | E88: 个 | F88: 0 | G88: 3300 | H88: =F88*G88 -> 0 | I88: 科勒轻智能马桶（型号k-32370t-0） | J88: 2800
A89: 13 | C89: 杜拉维特轻智能马桶 | E89: 个 | F89: 0 | G89: 4300 | H89: =F89*G89 -> 0 | I89: 杜拉维特轻智能马桶（型号60006） | J89: 3200
A90: 14 | C90: 汉斯格雅轻智能马桶 | E90: 个 | F90: 0 | G90: 4500 | H90: =F90*G90 -> 0 | I90: 汉斯格雅轻智能马桶（型号22478007） | J90: 3500
A91: 15 | C91: 汉斯格雅全智能马桶 | E91: 个 | F91: 0 | G91: 7500 | H91: =F91*G91 -> 0 | I91: 汉斯格雅全智能马桶（型号HG2245507） | J91: 5500
A92: 16 | C92: 法恩莎墙排马桶 | E92: 个 | F92: 0 | G92: 4000 | H92: =F92*G92 -> 0 | I92: 法恩莎壁挂马桶（普通马桶） | J92: 3200
A93: 17 | C93: 德国顾朗明装花洒 | E93: 个 | F93: 0 | G93: 1600 | H93: =F93*G93 -> 0 | I93: L-8551/8550/8577CA/8577NB/8577HB | J93: 800
A94: 18 | C94: 德国顾朗明装花洒 | E94: 个 | G94: 2300 | H94: =F94*G94 -> 0 | I94: L-8560（EB/QB）/8567/8580CA | J94: 1300
A95: 19 | C95: 德国顾朗暗装花洒 | E95: 个 | G95: 2800 | H95: =F95*G95 -> 0 | I95: L-8325/ NB / WB / CA / HB / EB/8345CA/8366CA | J95: 1800
A96: 20 | C96: 德国顾朗暗装花洒 | E96: 个 | G96: 4000 | H96: =F96*G96 -> 0 | I96: L-8345/ HB / EB/QB | J96: 2400
A97: 21 | C97: 德国顾朗暗装花洒 | E97: 个 | G97: 5000 | H97: =F97*G97 -> 0 | I97: L-8352/ JA/ QB / NB / HB | J97: 2900
A98: 22 | C98: 德国顾朗暗装花洒 | E98: 个 | G98: 6500 | H98: =F98*G98 -> 0 | I98: 顶喷花洒 | J98: 4000
A99: 23 | C99: 汉斯格雅暗装花洒 | E99: 个 | G99: 4000 | H99: =F99*G99 -> 0 | I99: 驰悦系列 | J99: 2800
A100: 24 | C100: 汉斯格雅暗装花洒 | E100: 个 | G100: 6000 | H100: =F100*G100 -> 0 | I100: 飞雨系列 | J100: 4800
...
